nickname,comment
Demka,–î–∞ –ø–æ—Ö–æ–¥—É –∫—Ç–æ —Ç–æ —Ä–µ—à–∏–ª –≤—ã–∫—É–ø–∏—Ç—å –∏—Ö —É –ì–ò–ë–î–î.–ù—É –∏ —á—Ç–æ–± –Ω–µ —É—à–∞—Ç–∞–ª–∏ –æ—Å—Ç–∞–Ω–æ–≤–∏–ª —ç–∫—Å–ø–ª—É–∞—Ç–∞—Ü–∏—é
Tabascko,–ù–∞ –∏–Ω–æ–º–∞—Ä–∫–∞—Ö Z –Ω–µ–ø–∞—Ç—Ä–∏–æ—Ç–∏—á–Ω–æ —Å–º–æ—Ç—Ä–∏—Ç—Å—è
255936411,–î–∞ –≤–æ–±—â–µ –∞–≤—Ç–æ–ø—Ä–æ–º - —ç—Ç–æ –Ω–∞–≤—è–∑–∞–Ω—ã–π —Å—Ç–µ—Ä–µ–æ—Ç–∏–ø –∑–∞–ø–∞–¥–∞! –ù–∞–¥–æ –µ–∑–¥–∏—Ç—å –Ω–∞ –ª–æ—à–∞–¥—è—Ö!
–ì–æ—Å—Ç—å0,–∂–¥—É –Ω–µ –¥–æ–∂–¥—É—Å—å –∫–æ–≥–¥–∞ —á–∏–Ω–æ–≤–Ω–∏–∫–∏ –ø–µ—Ä–µ—Å—è–¥—É—Ç –Ω–∞ –ø–æ–¥–¥–µ—Ä–∂–∞–Ω–Ω—ã–µ –∞–≤—Ç–æ–≤–∞–∑üòÇ
–¢—Ä–∞–∫—Ç–æ—Ä–∏–Ω–∞ –§–æ—Ä—Ç–æ—á–∫–∏–Ω–∞,–∫—Ä–µ–º–ª–µ–≤—Å–∫–∞—è –≤–µ—Ä—Ö—É—à–∫–∞ –Ω–µ —Ö–æ—á–µ—Ç –ø–æ–¥–¥–µ—Ä–∂–∞—Ç—å –æ—Ç–µ—á–µ—Å—Ç–≤–µ–Ω–Ω–æ–≥–æ –ø—Ä–æ–∏–∑–≤–æ–¥–∏—Ç–µ–ª—è?
sunshine2017,"""...–ù–µ–ø–æ–Ω—è—Ç–Ω–æ —Å–µ–π—á–∞—Å, —á—Ç–æ —Å –Ω–∏–º–∏ –±—É–¥—É—Ç –¥–µ–ª–∞—Ç—å..."" –Ω–µ —Å–º–µ—à–∏—Ç–µ —Ç–∞–ø–∫–∏! –ø–æ —Å–µ–±–µ —Ä–∞–∑–±–µ—Ä—É—Ç –∑–∞ 3 –∫–æ–ø–µ–π–∫–∏!"
41580168,–ü–æ—è–≤–∏—Ç—Å—è –Ω–æ–≤–∞—è —Ä–∞–±–æ—Ç–∞ —É ... –ü—Ä–∏–µ–∑–∂–∏—Ö..–≤–æ–∑–∏—Ç—å –Ω–∞ —à–µ–µ...–∂–µ–ª–∞—é—â–∏—Ö..–∑–∞ –≤–∞–ª—é—Ç—É üòÅ
24572288,"–∞ –∫—É–¥–∞ —Å–ª—É–∂–µ–±–Ω—ã–µ –∞–≤—Ç–æ–º–æ–±–∏–ª–∏ –¥–µ–Ω—É—Ç-, –Ω–∞ –ø—Ä–æ–¥–∞–∂—É, –∏–ª—å –ø—Ä–æ—Å—Ç–æ –≤ —Å–Ω–µ–≥—É —Å—Ç–æ—è—Ç—å –æ—Å—Ç–∞–≤—è—Ç?- –µ—Å–ª–∏ –æ—Å—Ç–∞–≤—è—Ç —Ç–æ —ç—Ç–æ –ø—Ä–µ–∫—Ä–∞—Å–Ω—ã–π –ø–ª–∞–Ω, –Ω–∞–¥–µ–∂–Ω—ã–π –∫–∞–∫ —à–≤–µ–π—Ü–∞—Ä—Å–∫–∏–µ —á–∞—Å—ã...üòÅüòÅ"
–ì–æ—Å—Ç,"–ü—Ä–∞–≤–∏–ª—å–Ω–æ, –Ω–∞–¥–æ –µ—â–µ –¥—É–º—É –∏ –∏–º –ø–æ–¥–æ–±–Ω—ã—Ö –≤—Å–µ—Ö –ø–æ–≥–æ–ª–æ–≤–Ω–æ –ø–µ—Ä–µ—Å–∞–¥–∏—Ç—å –Ω–∞ –æ—Ç–µ—á–µ—Å—Ç–≤–µ–Ω–Ω—ã–π –∞–≤—Ç–æ–ø—Ä–æ–º. –ê—Ç–æ ""–ø–∞—Ç—Ä–∏–æ—Ç–∏–∑–º"" –ø—Ä—è–º –±—å–µ—Ç –∫–ª—é—á–æ–º —É –Ω–∏—Ö!"
silver009@e1.ru,"–í—Å–µ –î–ü–° —à–∫–æ–¥—ã –æ–∫—Ç–∞–≤–∏—è —É –Ω–∏—Ö —Ç—É—Ä–±–æ–≤—ã–µ 180 –∫–æ–Ω–µ–π, 7,4 –¥–æ —Å–æ—Ç–Ω–∏ , –ø–µ—Ä–µ—Å–µ–≤ –Ω–∞ –í–ê–ó—ã —É–∂–µ –Ω–µ –¥–æ–≥–æ–Ω—è—Ç"
–í–µ–π—Å,"–Ω—É –∞–Ω–∞–ª–æ–≥–æ–≤ –º–Ω–æ–≥–æ...–∫–æ–Ω–Ω–∞—è –ø–æ–ª–∏—Ü–∏—è ...—Ä–∏–∫—à–∞ ...–≤–µ–ª–æ—Å–∏–ø–µ–¥... —Å–∞–º–æ–∫–∞—Ç 
–Ω–∞ –æ–ª–µ–Ω—è—Ö...–≤ –∫–æ–Ω—Ü–µ –∫–æ–Ω—Ü–æ–≤!üòúüëç"
–õ–æ–ª-–ö–µ–∫-–ß–µ–±—É—Ä–µ–∫,"–û–π, –∞ —á—Ç–æ —Å–ª—É—á–∏–ª–æ—Å—å? –ü–æ—á–µ–º—É –Ω–µ–ª—å–∑—è –æ–±—Å–ª—É–∂–∏–≤–∞—Ç—å? –Ø –¥—É–º–∞—é –Ω–∞–π–¥–µ—Ç—Å—è –ø–æ–ª–Ω–æ –∫–æ–Ω—Ç–æ—Ä –∫—Ç–æ –æ–±—Å–ª—É–∂–∏—Ç –∫–∏—Ç–∞–π—Å–∫–∏–º–∏ –∑–∞–º–µ–Ω–∏—Ç–µ–ª—è–º–∏ –ø–æ —Ç—Ä–æ–π–Ω–æ–º—É —Ü–µ–Ω–Ω–∏–∫—É."
Stef,–ü–µ—Ä–µ—Ö–æ–¥–∏–º –Ω–∞ –∫–æ–Ω—è! –ü–æ –∫–æ–Ω—è–º!!!! üèáüèªüèáüèª
209977643,–ù–∞–¥–æ –∏ –¥–µ–ø—É—Ç–∞—Ç–∏–∫–æ–≤ –Ω–∞—à–∏—Ö –Ω–∞ –õ–∞–¥—ã –ø–µ—Ä–µ—Å–∞–¥–∏—Ç—å. –û–Ω–∏ –∂–µ —É –Ω–∞—Å —Å–∞–º—ã–µ –ø–∞—Ç—Ä–∏–æ—Ç–∏—á–Ω—ã–µ –ø–∞—Ç—Ä–∏–æ—Ç—ã.
–ï–≤–≥–µ–Ω66,"–ê –µ—Å–ª–∏ –†–µ–Ω–æ —Å–¥–µ–ª–∞–Ω–æ –≤ –†–§, —Ç–æ –µ–∑–¥–∏—Ç—å –º–æ–∂–Ω–æ –∏–ª–∏ –Ω–µ—Ç?
–ù–µ –≤–Ω—è—Ç–Ω—ã–π —É–∫–∞–∑ –∫–∞–∫–æ–π-—Ç–æ..."
–ì–æ—Å—Ç—å1,"—Ç–∞–∫–∏—Ö –∫–∞–∫ Skoda –∏ Renault, –º–æ—Ç–æ—Ü–∏–∫–ª—ã Yamaha, –µ—Å—Ç—å –¥–∞–∂–µ –æ–¥–Ω–∞ BMW. –ù–µ–ø–æ–Ω—è—Ç–Ω–æ —Å–µ–π—á–∞—Å, —á—Ç–æ —Å –Ω–∏–º–∏ –±—É–¥—É—Ç –¥–µ–ª–∞—Ç—å, ‚Äî —Ä–∞—Å—Å–∫–∞–∑–∞–ª –Ω–∞–º –æ–¥–∏–Ω –∏–∑ –∞–≤—Ç–æ–∏–Ω—Å–ø–µ–∫—Ç–æ—Ä–æ–≤, –ø–æ–∂–µ–ª–∞–≤—à–∏–π –æ—Å—Ç–∞—Ç—å—Å—è –∞–Ω–æ–Ω–∏–º–Ω—ã–º.

–æ—á–µ–Ω—å –¥–∞–∂–µ –ø–æ–Ω—è—Ç–Ω–æ

—Å–ø–∏—à—É—Ç –∏ –≤—Å–µ —Ä–∞–∑–æ–π–¥–µ—Ç—Å—è —Å–æ–≥–ª–∞—Å–Ω–æ —Ä–∞–Ω–≥–æ–≤ –ø—Ä–∏–±–ª–∏–∂–µ–Ω–Ω—ã—Ö –ª–∏—Ü"
30867988,–ù—É –∏ –∫–∞–∫ –≤—ã –±—É–¥–µ—Ç–µ –¥–æ–≥–æ–Ω—è—Ç—å –Ω–∞—Ä—É—à–∏—Ç–µ–ª–µ–π –Ω–∞ –±—ç—Ö–∞—Ö –Ω–∞ –æ—Ç–µ—á–µ—Å—Ç–≤–µ–Ω–Ω—ã—Ö —à—É—à–ª–∞–π–∫–∞—Ö? –ì—ã—ã—ã
–ì–ï–ù–ê,"–ó—Ä—è –≤–∞–∑-2109 –Ω–∞ —Å–ø–∏—Å–∞–Ω–∏–µ –æ—Ç–ø—Ä–∞–≤–∏–ª–∏,—Å–µ–π—á–∞—Å –æ–Ω–∏ –±—ã–ª–∏ –±—ã –∫ —Å—Ç–∞—Ç–∏!!!"
27521288,"–Ø —á—É—Ç—å –Ω–µ –ø–æ–ø–µ—Ä—Ö–Ω—É–ª—Å—è? –û–Ω —Å–≤–æ—ë ****, –≤—Å–º—ã—Å–ª–µ –ª–∏—Ü–æ...–ì—Ä–∞–Ω—Ç–∞ –Ω–µ —É–≤–µ–∑—ë—Ç, –¢—Ä–µ–≤–µ–ª —Ç–æ–∂–µ, –Ω–∞ —á—ë–º –ø–µ—Ä–µ–¥–≤–∏–≥–∞—Ç—å –±—É–¥–µ—Ç? –ò–∑ –∫–∞—Ä—Ç–∏–Ω–∫–∏ –≤ –∫–∞—Ä—Ç–∏–Ω–∫—É –ø–æ —Ä–µ—Å—É—Ä—Å–∞–º –Ω–µ –ø–æ–π–¥—ë—Ç, –¥–∞ –∏ –Ω–µ –ø–æ–µ–¥–µ—Ç —Ç–æ—á–Ω–æ. –ï–º—É –Ω—É–∂–Ω–æ —Å ""–¥–µ–ø—É—Ç–∞—Ç–æ–º –í–æ–≤–æ–π"" –Ω–∞–ø–∞—Ä—É –∫–∞—Ç–∞—Ç—å—Å—è, –∏—Å–∫–∞—Ç—å –∏–≥—Ä—É—à–∫–∏ –Ω–∞ –ù–ì."
potapov-sergey,–°–µ–π—á–∞—Å –æ–Ω–∏ —Ä–∞—Å—á–µ—Ö–ª—è—Ç —Å–≤–æ–∏ –£—Ä–∞–ª—ã —Å –∫–æ–ª—è—Å–∫–æ–π... –ö—É–¥–∞ —É–∂ –ø–∞—Ç—Ä–∏–æ—Ç–∏—á–Ω–µ–µ.
237115831,–ò –∫—É–¥–∞ —Å–µ–π—á–∞—Å —ç—Ç–∏ –®–∫–æ–¥—ã?
–°–µ—Ä–¥–µ—á–Ω—ã–π,"–î–∞–≤–∞–π—Ç–µ –≤—Å–µ —Ç–∞–∫–∏ —Å–º–æ—Ç—Ä–µ—Ç—å –ø—Ä–∞–≤–¥–µ –≤ –≥–ª–∞–∑–∞. —É –Ω–∞—Å –Ω–∏ –æ–¥–Ω–æ –ø—Ä–æ–∏–∑–≤–æ–¥—Å—Ç–≤–æ –Ω–µ —Å–¥–µ–ª–∞–Ω–æ –±–µ–∑ –ø—Ä–∏–º–µ–Ω–µ–Ω–∏—è –∏–º–ø–æ—Ä—Ç–∞. –ò –ø–æ–Ω—è—Ç–Ω–æ, —á—Ç–æ –¥–∞–∂–µ –ª–æ–∂–∫–∞ —Å –≤–∏–ª–∫–æ–π –ø–æ–¥–æ—Ä–æ–∂–∞—é—Ç. –ò–º–ø–æ—Ä—Ç–æ–∑–∞–º–µ—â–∞–Ω–∏—è –Ω–µ –ø—Ä–æ–∏–∑–æ—à–ª–æ, –¥–æ —Å–∏—Ö –ø–æ—Ä, –ø–∞—Ç—Ä–∏–æ—Ç–∏–∑–º –∑–∞–≥–Ω—É–ª—Å—è, –Ω–æ –µ—â—ë –∫–∞–∫ —Ç–æ –±–æ–ª—Ç–∞–µ—Ç –µ–≥–æ. –£ –Ω–∞—Å –±—É–¥–µ—Ç –ø–æ–≤—ã—à–µ–Ω–∏–µ —Ü–µ–Ω –µ—â—ë –±–æ–ª—å—à–µ –∏ –±–æ–ª—å—à–µ"
–ì–æ—Å—Ç—å2,"–°—Ä–∞–∑—É –≤–∏–¥–Ω–æ: –∑–∞–Ω—è—Ç–æ —Ä—É–∫–æ–≤–æ–¥—Å—Ç–≤–æ, —Ä–µ—à–∞—é—Ç –ø–µ—Ä–≤–æ—Å—Ç–µ–ø–µ–Ω–Ω—ã–µ –∑–∞–¥–∞—á–∏! –î—Ä—É–≥–∏—Ö –ø—Ä–æ–±–ª–µ–º –≤ –≥–æ—Ä–æ–¥–µ –Ω–µ—Ç!.."
Dim_dimonza,"–∞ —É –Ω–∞—Å –≤ –≥–æ—Ä–æ–¥–µ —Ä–∞–∑–≤–µ –æ—Å—Ç–∞–ª–∏—Å—å –æ—Ç–µ—á–µ—Å—Ç–≤–µ–Ω–Ω—ã–µ ? –í –æ–±–ª–∞—Å—Ç–∏ —Ä–∞–∑–≤–µ-—á—Ç–æ ... –¥–∞ –∏ ""–æ—Ç–µ—á–µ—Å—Ç–≤–µ–Ω–Ω—ã–µ"" —Ç–∞–∫ –∂–µ –±–µ–∑ –∑–∞–ø—á–∞—Å—Ç–µ–π —Å–∫–æ—Ä–æ –≤—Å—Ç–∞–Ω—É—Ç .... –ø–æ—Ä–∞ –ª–æ—à–∞–¥–µ–π –∑–∞–∫—É–ø–∞—Ç—å :))))"
–î–∂–æ–Ω,"–í–∏–¥–∏–º–æ, –Ω–∞—á–∞–ª—å–Ω–∏–∫–∏ –±—É–¥—É—Ç –µ–∑–¥–∏—Ç—å —Ç–æ–ª—å–∫–æ –Ω–∞ –∏–Ω–æ–º–∞—Ä–∫–∞—Ö —Ç–µ–ø–µ—Ä—å."
29327928,1 –∞–ø—Ä–µ–ª—å—Å–∫–∞—è —à—É—Ç–∫–∞ –æ—Ç –ì–ò–ë–î–î )))
–ì–æ—Å—Ç—å3,–∞ –≥–¥–µ –∏—Ö –º–µ—Ä—Å—ã –∞–π–¥–∏ . —á—Ç–æ –ø—Ä–æ –Ω–∏—Ö –º–æ–ª—á–∞—ÇüòÅ –≤–∏–¥–∞—Ç—å –Ω–∞—á–∞–ª—å—Å—Ç–≤–æ –≤–æ–∑–∏—Ç—å –Ω–∞–¥–æ
Vivekananda,"–í–æ—Ç –≤–µ–¥—å –∫–æ–≤–∞—Ä–Ω—ã–π –ó–∞–ø–∞–¥. –î–∞–∂–µ —É–º–∞ –Ω–µ –ø—Ä–∏–ª–æ–∂—É, —á–µ–≥–æ —ç—Ç–æ –æ–Ω —Ç–∞–∫ –æ–ø–æ–ª—á–∏–ª—Å—è –Ω–∞ –Ω–∞—Å."
–ì–æ—Å—Ç—å4,"–ê —á–µ –æ–Ω–∏ —Å—Ç–æ—è—Ç –≤ —Ä—è–¥, –∞ –Ω–µ –±—É–∫–≤–æ–π Z –∏–ª–∏ V?"
–° —ç–∫–≤–∞—Ç–æ—Ä–∞,"""–ì–æ—Å—Ç—å –ü–∞–ø—É–∞—Å–æ–≤–∏—á 23 –º–∞—Ä 2022 –≤ 11:44 –¢–∞–∫ –†–µ–Ω–æ –Ω–µ —Å–æ–±–∏—Ä–∞–µ—Ç—Å—è —É—Ö–æ–¥–∏—Ç—å?! ,,,–Ω–µ —Å–æ–±–∏—Ä–∞–ª–∏—Å—å, –≤—Ä–æ–¥–µ)))""

- –í—Å–µ —É—Ö–æ–¥—è—Ç. –í—Å–µ –±–µ–≥—É—Ç. –î–∞–∂–µ —Å–ø–æ—Ä—Ç –æ–±—â–µ—Å—Ç–≤–æ –î–∏–Ω–∞–º–æ!"
otorvin,"–¢.–µ –≤–º–µ—Å—Ç–æ —Ä–µ–º–æ–Ω—Ç–∞, –ø—Ä–æ—â–µ –Ω–∞–∫—É–ø–∏—Ç—å —Å–æ—Ç—Ä—É–¥–Ω–∏–∫–∞–º –Ω–æ–≤—ã—Ö –í–µ—Å—Ç –∏ –≥—Ä–∞–Ω—Ç?! –°–æ–º–Ω–∏—Ç–µ–ª—å–Ω–∞—è —ç–∫–æ–Ω–æ–º–∏—è...."
140850041,"–ü—Ä–∏–∫–∞–∑ –ø–æ–¥–ø–∏—Å–∞–Ω –ø-–∫–æ–º –û–∑–µ—Ä–æ–≤—ã–º –ø–æ –¥–æ—Ä–æ–≥–µ –¥–æ–º–æ–π, –Ω–∞ –∑–∞–¥–Ω–µ–º —Å–∏–¥–µ–Ω–∏–∏ —Å–ª—É–∂–µ–±–Ω–æ–π –ö–∞–º—Ä–∏))))"
–ì–æ—Å—Ç—å5,"–§–æ—Ç–æ –∏–Ω–æ–º–∞—Ä–æ–∫ –∑–∞–ø—Ä–µ—Ç–∏—Ç—å –∏ –≤—É–∞–ª—è, –≤–æ–ø—Ä–æ—Å —Ä–µ—à—ë–Ω"
–≥–æ—Å—Ç—å,—É —á–∏–Ω–∞—Ä–µ–π –∫–∞–º—Ä—é—Ö–µ –æ—Ç–∂–∞—Ç—å –∏ –≤—ã–¥–∞—Ç—å –ª–∞–¥–µ –≥—Ä–∞–Ω—Ç–µ
–ì–æ—Å—Ç—å6,"–û –¥–∞, –º—É–¥—Ä–æ–µ —Ä–µ—à–µ–Ω–∏–µ. –ì–ª–∞–≤–Ω–æ–µ –ø–∏–∞—Ä. –°–∫–∞–∑–∞—Ç—å —ç—Ç–æ –æ–¥–Ω–æ.
–®–µ–ª –±—ã –¥–∞–ª—å—à–µ –∏ –ø—Ä–µ–¥–ª–æ–∂–∏–ª –≤–µ—Å—å —ç—Ç–æ—Ç –∑–∞—Ä—É–±–µ–∂–Ω—ã–π —Ö–ª–∞–º —Å–∂–µ—á—å –Ω–∞ –ø–ª–æ—â–∞–¥–∏ 1905.
–ê —Ç–∞–∫, –µ—Å–ª–∏ —á–µ—Å—Ç–Ω–æ –ø–æ–ø—É–ª–∏—Å—Ç—Å–∫–æ–µ —Ä–µ—à–µ–Ω–∏–µ. –ù–∞–¥–æ –¥—Ä—É–≥–∏–µ –ø—Ä–æ–±–ª–µ–º—ã –≤–µ–¥–æ–º—Å—Ç–≤—É —Ä–µ—à–∞—Ç—å"
–ì–æ—Å—Ç—å7,–ê –æ–Ω–∏ —Ç–æ—á–Ω–æ –ø–µ—Ä–µ—Å—è–¥—É—Ç????
–ì–æ—Å—Ç—å8,"""–ì–æ—Å–ø–æ–¥–∏–Ω –º–∏–Ω–∏—Å—Ç—Ä, —É –Ω–∞—Å —Ç—Ä–∞–Ω—Å–ø–æ—Ä—Ç–Ω—ã–µ –ø—Ä–æ–±–ª–µ–º—ã. –î–∞, —è –≤–∏–∂—É –æ–¥–∏–Ω –≤–µ–ª–æ—Å–∏–ø–µ–¥
–Ω–∞ –¥–≤–æ–∏—Ö –ø–æ–ª–∏—Ü–µ–π—Å–∫–∏—Ö."" –¢–∞–∫—Å–∏-3.üòÅ"
–ì–æ—Å—Ç—å9,"–¢–∞–∫ –†–µ–Ω–æ –Ω–µ —Å–æ–±–∏—Ä–∞–µ—Ç—Å—è —É—Ö–æ–¥–∏—Ç—å?! ,,,–Ω–µ —Å–æ–±–∏—Ä–∞–ª–∏—Å—å, –≤—Ä–æ–¥–µ)))"
–ì–æ—Å—Ç—å10,"–û–±—Ä–∞–∑–æ–≤–∞–Ω–∏–µ –Ω–∞ –≤—ã—Å–æ—Ç–µ, –≤–æ—Ç –∏–∑ –∑–∞ —Ç–∞–∫–∏—Ö –∏ –Ω–µ —É–≤–∞–∂–∞—é—Ç —É –Ω–∞—Å —Ä—É–∫–æ–≤–æ–¥—Å—Ç–≤–æ. –†—É—Å—Å–∫–∏–µ –±–µ–¥–æ–ª–∞–≥–∏ –≤ –ö–∞–ª—É–≥–µ –∏ –ù–∏–∂–Ω–µ–º –ù–æ–≤–≥–æ—Ä–æ–¥–µ —Å–æ–±–∏—Ä–∞–ª–∏ —ç—Ç–∏ –º–∞—à–∏–Ω—ã (–ø—Ä–æ –∞—É–¥–∏ –Ω–µ –∑–Ω–∞—é). –°—Ç—Ä–æ–π—Ç–µ —Å–≤–æ–π –∑–∞–≤–æ–¥ –∏ –ø–µ—Ä–µ—Å–∞–∂–∏–≤–∞–π—Ç–µ—Å—å, –æ–Ω —Ä–µ–∞–ª—å–Ω–æ –¥—É–º–∞–µ—Ç –µ–ª–∏ –Ω–∞–ø–∏—Å–∞–Ω–æ –ª–∞–¥–∞ —Ç–æ –æ–Ω–∞ –Ω–∞—à–∞, –∞ –≤–æ—Ç –∏ –Ω–µ—Ç —Ä–µ–Ω–æ"
Pretty23,"–ü—Ä–∞–≤–∏–ª—å–Ω–æ. –ü—É—Å—Ç—å –ø–µ—à–∫–æ–º —Ö–æ–¥—è—Ç, —Ö—É–¥–µ—é—Ç."
274483968,"–¢–∞–∫ –∫–∏—Ç–∞–π—Ü—ã –∂–µ –Ω–∞–±–µ–≥—É—Ç, –Ω–∞–ª–∞–¥—è—Ç –≤—Å—ë."
4544845454,"""–ü–æ–∫–∞ —ç—Ç–æ –∫–∞—Å–∞–µ—Ç—Å—è —Ç–æ–ª—å–∫–æ —Å–ª—É–∂–µ–±–Ω—ã—Ö –∞–≤—Ç–æ–º–æ–±–∏–ª–µ–π""

 –°–∫–æ—Ä–æ –≤ –†–æ—Å—Å–∏–∏: –∫—Ç–æ –µ–∑–¥–∏—Ç –Ω–∞ —Ä–µ–Ω–æ –ø—Ä–µ–¥–∞—Ç–µ–ª—å - –≤ —Ç–∞–π–≥—É –Ω–∞ –ø–µ—Ä–µ–≤–æ—Å–ø–∏—Ç–∞–Ω–∏–µ"
–¢–∞—Ç–∞—Ä—Å–∫–æ–µ —Å–æ–æ–±—â–µ—Å—Ç–≤–æ,–ú–æ—Ç–æ–±–∞–Ω —Å –ë–ú–í –∏ —è–º–∞—Ö –Ω–∞ —É—Ä–∞–ª—ã –ø–æ—Å–∞–¥–∏—Ç–µ?
–ì–æ—Å—Ç—å11,–ù–µ –ø—Ä–æ—à–ª–æ –µ—â—ë –∏ –º–µ—Å—è—Ü–∞ –ø–æ—Å–ª–µ —Ç–∏–ø–∞ —Å–ø–µ—Ü–æ–ø–µ—Ä–∞—Ü–∏–∏. –í–ª–∞—Å—Ç—å —Å–¥—É–≤–∞–µ—Ç—Å—è –∏ –ø–µ—Ä–µ–æ–±—É–≤–∞–µ—Ç—Å—è.
–ì–æ—Å—Ç—å12,"–ü–æ–¥—Å–∫–∞–∂–∏—Ç–µ, —ç—Ç–æ–º—É –≥–ª–∞–≤–Ω–æ–º—É –ø–æ–ª–∏—Ü–µ–π—Å–∫–æ–º—É, —á—Ç–æ –∑–∞–¥–∞—á–∞ –µ–≥–æ –∑–∞–∫–ª—é—á–∞–µ—Ç—Å—è –≤ –¥—Ä—É–≥–æ–º."
mr. Crow,"–ü—Ä–∏–≤–µ—Ç –º–æ—Ç–æ–±–∞—Ç—É!))) –Ω—É—á–æ –∫–∞–∫ —Ç–∞–º –ø–æ–¥–≥–æ—Ç–æ–≤–∫–∞ –∫ —Å–µ–∑–æ–Ω—É? –∞, –Ω—É –¥–∞, –≤—ã –∂ –Ω–µ —Å–∞–º–∏ –º–æ—Ç–∞–∫–∏ –∫ —Å–µ–∑–æ–Ω—É –≥–æ—Ç–æ–≤–∏—Ç–µ))) ""–¥—è–¥—è –≤ –ø–æ–≥–æ–Ω–∞—Ö"" –æ—Ç–∫–∞–∑–∞–ª—Å—è –ø–ª–∞—Ç–∏—Ç—å –∑–∞ –≤–∞—à–µ ""–∫—Ä–∞—Å–∏–≤–æ –∏ –ø–∞—Ñ–æ—Å–Ω–æ –ø–æ–∫–∞—Ç–∞—Ç—å—Å—è??? ))))) –∞ —è –≤–æ—Ç —É–∂–µ –≤—Å–µ —Ä–∞—Å—Ö–æ–¥–Ω–∏–∫–∏ –ø–æ–º–µ–Ω—è–ª )"
–ü–∞—Ä—Ñ–∏—Ä–∏–π,"–ø–æ—Å—Ç–∞–≤–æ–∫ –±–æ–ª—å—à–µ –Ω–µ –±—É–¥–µ—Ç, —Ä–µ–∑–µ—Ä–≤–∏—Ä—É—é—Ç –ø–æ–¥ —Å–µ–±—èüòÅ"
–ì–æ—Å—Ç—å13,–ü–æ–º–µ–Ω—è—Ç—å —ç–º–±–ª–µ–º—ã –Ω–∞ Z –∏ –≤—Å–µ
–ì–æ—Å—Ç—å14,–ñ–¥—ë–º —Ñ–æ—Ç–æ–æ—Ç—á—ë—Ç —Ä—É–∫–æ–≤–æ–¥—Å—Ç–≤–∞ –æ–±–ª–∞—Å—Ç–∏ –Ω–∞ –Ω–∏–≤–∞—Ö –∏ –≥—Ä–∞–Ω—Ç–∞—Ö
–ì–æ—Å—Ç—å15,"–ü–µ—Ä–µ–∏–º–µ–Ω–æ–≤–∞—Ç—å –ø–æ–ª–∏—Ü–∏—é –æ–±—Ä–∞—Ç–Ω–æ –≤ –º–∏–ª–∏—Ü–∏—é, –∏ –ø–æ—Å–∞–¥–∏—Ç—å –Ω–∞ –ª–æ—à–∞–¥–µ–π."
22154948,–ü—Ä–æ—á—É–≤—Å—Ç–≤–æ–≤–∞—Ç—å –ø—è—Ç–æ–π —Ç–æ—á–∫–æ–π –Ω–æ–≤—É—é —Ä–µ–∞–ª—å–Ω–æ—Å—Ç—å
–ì–æ—Å—Ç—å16,–î–∞–≤–∞–π—Ç–µ —á–∏–Ω–æ–≤–Ω–∏–∫–æ–≤ —Ç–æ–∂–µ —Å –∫–∞–º—Ä–∏ –Ω–∞ –ª–∞–¥—É –≥—Ä–∞–Ω—Ç–∞üëçüèºüëçüèºüëçüèºüëçüèº
–ì–æ—Å—Ç—å17,"–ù–∞ —É–ø—Ä—è–∂–∫–∏ –ø—É—Å–∫–∞–π –ø–µ—Ä–µ—Å–∞–∂–∏–≤–∞—é—Ç—Å—è!))) –≤ –ú–æ—Å–∫–≤–µ –≤–æ–æ–±—â–µ –Ω–µ —É–≤–∏–¥–∏—à—å –æ—Ç–µ—á–µ—Å—Ç–≤–µ–Ω–Ω—ã–π –∞–≤—Ç–æ–ø—Ä–æ–º ü§£ü§£ü§£ —É –æ–±—ã—á–Ω—ã—Ö —Å–æ—Ç—Ä—É–¥–Ω–∏–∫–æ–≤ –≥–∏–±–¥–¥ –ê–º–∞—Ä–æ–∫–∏, –∞ —Å–µ–π—á–∞—Å –∏—Ö –Ω–∞ —É–∞–∑–∏–∫–∏ –ø–µ—Ä–µ—Å–∞–¥—è—Ç"
gluyk,"–ø–æ—Ö–æ–¥—É –µ1 –æ—á–µ–Ω—å —Ö–æ—á–µ—Ç –≤ —Å–ø–∏—Å–æ–∫ –ø–æ—Å—Ç—Ä–∞–¥–∞–≤—à–∏—Ö –æ—Ç —Ç–æ—Ç–∞–ª–∏—Ç–∞—Ä–Ω–æ–≥–æ —Ä–µ–∂–∏–º–∞, —Ç–∞–∫–∏–µ –Ω–æ–≤–æ—Å—Ç–∏ –±–µ–∑ –∫–æ–º–º–µ–Ω—Ç–∞—Ä–∏–µ–≤ –ì–æ—Ä–µ–ª–æ–≤–∞ –æ—á —Å–º–∞—Ö–∏–≤–∞–µ—Ç –Ω–∞ –±—Ä–µ–¥"
–ë–∞–ª–∞–º—É—Ç,–ì–ª—è–¥–∏—à—å –∏ –ø–æ–ª–∏—Ü–∏—é –æ–±—Ä–∞—Ç–Ω–æ –≤ –ì–£–ë –ß–ö –ø–µ—Ä–µ–∏–º–µ–Ω—É—é—Ç –∏ —Å–Ω–æ–≤–∞ –±–∞—Ä—ã–≥ –≤ —Å–∏–±–∏—Ä—å –æ—Ç–ø—Ä–∞–≤–ª—è—Ç—å –Ω–∞—á–Ω—É—Ç –Ω–æ–≤—ã–µ –∑–æ–ª–æ—Ç—ã–µ –∑–∞–ø–∞—Å—ã —Å–æ–∑–¥–∞–≤–∞—Ç—å —Å—Ç–∞—Ä—ã–µ —Ç–æ —Ç—é—Ç—é –≤—ã–≤–µ–∑–ª–∏ –≤ –õ–æ–Ω–¥–æ–Ω
–í–∞—Å—è,"–ò–Ω—Ç–µ—Ä–µ—Å–Ω–æ, –∞ –û–∑–µ—Ä–æ–∫ —Å –ë–ú–í –ø–µ—Ä–µ–ø—Ä—ã–≥–Ω–µ—Ç –Ω–∞ –ü–∞—Ç—Ä–∏–æ—Ç?"
–ò–≤–∞–Ω,–õ—É—Ç—å—à–∏–π –≤–∞—Ä–∏–∞–Ω—Ç –≤—ã–¥–∞—Ç—å –ª–æ—à–∞–¥–µ–π –ø–æ —Å—Ç–∞—Ä–∏–Ω–∫–µ –∏ –∑–∞—à–∏—Ç—å –∫–∞—Ä–º–∞–Ω—ã.
reset,"–ø—Ä–∞–≤–∏–ª—å–Ω–æ !
 –ü—É—Å—Ç—å —Ö–æ–¥—è—Ç - –∂–∏–≤–æ—Ç–∏–∫–∏ —Ä–∞—Å—Ç—Ä—è—Å—ã–≤–∞—é—Ç !
 –º–µ–Ω—å—à–µ –±—É–¥–µ—Ç –ø–æ–¥–∫—É—Å—Ç–Ω—ã—Ö –¥–µ–ª –º–∞—Å—Ç–µ—Ä–æ–≤ )))"
198030309,–í—ã–¥–∞–¥—É—Ç –≤–µ–ª–æ—Å–∏–ø–µ–¥—ã. –û–¥–∏–Ω –Ω–∞ —Ç—Ä–æ–∏—Ö)
–ï–≤–≥–µ–Ω–∏–π,"–ß–∏–Ω–æ–≤–Ω–∏–∫–∏ –Ω–∞–¥–±–∞–≤–∫—É –ø–æ–ª—É—á–∏–ª–∏, –≤–æ—Ç –æ–Ω–∏ –∏ –≤—ã–∫—É–ø—è—Ç –∏–Ω–æ–º–∞—Ä–∫–∏. –ò –ø–µ—Ä–µ–∫—Ä–∞—à–∏–≤–∞—Ç—å –Ω–µ –±—É–¥—É—Ç, —Ç–∞–∫ –∏ –µ–∑–¥–∏—Ç—å –±—É–¥—É—Ç —Å –º–∏–≥–∞–ª–∫–∞–º–∏."
–ì–æ—Å—Ç—å18,–ù–æ–≤—ã–µ –≤–∞–∫–∞–Ω—Å–∏–∏ –Ω–∞–º–µ—á–∞—é—Ç—Å—è - —Ä–∏–∫—à–∏ ! –ù–µ –ø—Ä–æ–ø—É—Å—Ç–∏—Ç–µ –Ω–∞–±–æ—Ä !
–ì–æ—Å—Ç—å19,–í—Å–µ –Ω–∞ —É–∞–∑ üòÇ
Conficker.a,–î–∞–∫ –æ–Ω–∏ –≤—Å–µ –≤ –†–§ –ø—Ä–æ–∏–∑–≤–µ–¥–µ–Ω—ã –ø–æ —Ñ–∞–∫—Ç—É
–ì–æ—Å—Ç—å20,–ø–æ–º–Ω—é –≥–∞–∏—à–Ω–∏–∫–æ–≤ –Ω–∞ —Å—Ç–∞—Ä—ã—Ö —à–µ—Å—Ç–µ—Ä–∫–∞—Ö –≤ 90- –µ —Å–æ–ø–ª–∏–≤—ã–µ –≥—Ä—è–∑–Ω—ã–µ .–ù–µ–¥–∞–ª–µ–∫–æ –º—ã —É—à–ª–∏ –æ—Ç 90 -—Ö –≤—Å–µ –≤–æ–∑–≤—Ä–∞—â–∞–µ—Ç—Å—è .
–ù–∞—Ä–æ–¥,...2022...–º–∞—Ä–∞–∑–º –∫—Ä–µ–ø—á–∞–ª...
–ê–Ω—Ç–∏–≥–µ—Ä–æ–π –∏ –∞–Ω—Ç–∏–ø–æ–¥ –ª—é–±–æ–º—É —Ç—É–ø–∏—Ü–µ,–°–∞–º —Ç–æ –ø–µ—Ä–µ—Å—è–¥–µ—Ç –≤ 14–∫—É? –°—Ç–∞—Ç—å—é –Ω–µ —á–∏—Ç–∞–ª.
24888228,–ø–æ—Ä–∞ –∫–∞–∂–¥–æ–º—É —á–∏–Ω–∞—Ä–∏–∫—É –≤—ã–¥–∞—Ç—å –ø–æ –∫—É—á–µ—Ä—É
–ì–æ—Å—Ç—å21,"–ê –ß–û —ç—Ç–ê —É –º–Ω–æ–≥–∏—Ö —Å–æ–≤—Ä–µ–º–µ–Ω–Ω—ã—Ö –≤–∞–∑–æ–≤ —Ç–æ–ø–ª–∏–≤–Ω–∞—è —Å–∏—Å—Ç–µ–º–∞ –ë–æ—à—à! –ë—É–¥—É—Ç –∫–∞—Ä–±—é—Ä–∞—Ç–æ—Ä—ã —Å—Ç–∞–≤–∏—Ç—å –∏–ª–∏ –∫–∞–∫, –∞ —Ä–∞—Ü–∏–∏? –ê –µ—â—ë –º–Ω–æ–≥–æ –≤—Å–µ–≥–æ (–º–µ–±–µ–ª—å –Ω–∞–ø—Ä–∏–º–µ—Ä?), –æ–π –∫–∞–∫ —Å–ø—Ä–∞–≤–∏–º—Å—è"
barmaley79,–≤ —á–µ–º —Ä–∞–∑–Ω–∏—Ü–∞ —Å —Ç–æ—á–∫–∏ –∑—Ä–µ–Ω–∏—è –∑–∞–ø—á–∞—Å—Ç–µ–π. –≥–¥–µ –±—ã–ª —Å–¥–µ–ª–∞–Ω —Ñ–æ—Ä–¥ —Ñ–æ–∫—É—Å –∏–ª–∏ —à–∫–æ–¥–∞ –æ–∫—Ç–∞–≤–∏—è. –≤ –†–§ –∏–ª–∏ –∏–∑ –∑–∞–≥—Ä–∞–Ω–∏—Ü—ã –≤ —Å–≤–æ–µ –≤—Ä–µ–º—è.
–¢–∞—à–∞,"–ú–∞—Ä–∞–∑–º –∫—Ä–µ–ø—á–∞–µ—Ç....–ê —Å–∞–º "" –≥–ª–∞–≤–Ω—ã–π –ø–æ–ª–∏—Ü–µ–π—Å–∫–∏–π "" –Ω–∞ —á—ë–º –µ–∑–¥–∏—Ç?"
–ì–æ—Å—Ç—å22,–°—Ç—Ä–∞–Ω–Ω–æ–µ —Ä–µ—à–µ–Ω–∏–µ...–∞ –∫–∞–∫ –∂–µ –±–µ–∑–æ–ø–∞—Å–Ω–æ—Å—Ç—å? –ò–ª–∏ –ø–æ–ª–∏—Ü–∏—è –∫–∞—Ç–∞–µ—Ç—Å—è –Ω–∞ –º–∞—à–∏–Ω–∞—Ö —Ç–æ–ª—å–∫–æ –Ω–∞ –æ–±–µ–¥ –∏ –ª–∏—á–Ω—ã–º –¥–µ–ª–∞–º?
–ì–æ—Å—Ç—å23,"–¥–∞–≤–∞–π—Ç–µ –Ω–æ–≤—ã–µ –∏–º –∞–≤—Ç–æ –ø–æ–∫—É–ø–∞–π—Ç–µ —Ä–æ—Å–µ–π—Å–∫–∏–µ —ç—Ç–æ –∂–µ –¥–µ—à–µ–≤–ª–µ,—á–µ–º –∑–∞–ø—á–∞—Å—Ç–∏ –ø–æ–∫—É–ø–∞—Ç—å"
–ê–ª–µ–Ω–∞,–£–¥–∞—á–Ω–æ –ù–ï –°–ü–†–ê–í–ò–õ–°–Ø –∫–∞–º—Ä—é—Ö–∞–º–∏ –∑–∞–∫—É–ø–∏–ª—Å—è.
–Æ—Ä–∏–π,"""‚Äî –ù–µ–æ–±—Ö–æ–¥–∏–º–æ —Å 1 –∞–ø—Ä–µ–ª—è 2022 –≥–æ–¥–∞ –ø—Ä–∏–æ—Å—Ç–∞–Ω–æ–≤–∏—Ç—å —ç–∫—Å–ø–ª—É–∞—Ç–∞—Ü–∏—é —Å–ª—É–∂–µ–±–Ω–æ–≥–æ –∞–≤—Ç–æ—Ç—Ä–∞–Ω—Å–ø–æ—Ä—Ç–∞ –∏–º–ø–æ—Ä—Ç–Ω–æ–≥–æ –ø—Ä–æ–∏–∑–≤–æ–¥—Å—Ç–≤–∞, ‚Äî –≥–ª–∞—Å–∏—Ç –¥–æ–∫—É–º–µ–Ω—Ç –∑–∞ –ø–æ–¥–ø–∏—Å—å—é –ø–æ–ª–∫–æ–≤–Ω–∏–∫–∞ –û–∑–µ—Ä–æ–≤–∞."" –ù–∞—á–∞–ª—å–Ω–∏–∫! –ï—Å–ª–∏ ""–ø—Ä–æ–∏–∑–≤–æ–¥—Å—Ç–≤–æ –∏–º–ø–æ—Ä—Ç–Ω–æ–µ"", —Ç–æ –µ–≥–æ (–ø—Ä–æ–∏–∑–≤–æ–¥—Å—Ç–≤–∞) –ø—Ä–æ–¥—É–∫—Ü–∏—è - –æ—Ç–µ—á–µ—Å—Ç–≤–µ–Ω–Ω–∞—è. –≠—Ç–æ –¥–∞–∂–µ —à–∫–æ–ª—å–Ω–∏–∫—É –ø–æ–Ω—è—Ç–Ω–æ. –ù–æ –±—ã—Ç—å –Ω–µ–≥—Ä–∞–º–æ—Ç–Ω—ã–º –≤–∏–¥–∏–º–æ –ø—Ä–µ—Å—Ç–∏–∂–Ω–æ. –ê –Ω–µ–≥—Ä–∞–º–æ—Ç–Ω—ã–º –Ω–∞—á–∞–ª—å–Ω–∏–∫–æ–º - —Ç–µ–º –±–æ–ª–µ–µ... –ü—Ä–∏–≤–µ—Ç –Ω–∞—á–∞–ª—å–Ω–∏–∫—É –Ω–∞—á–∞–ª—å–Ω–∏–∫–∞ ! –° —Ç–∞–∫–∏–º–∏ –ø–æ–¥—á–∏–Ω–µ–Ω–Ω—ã–º–∏ –∏ –≤—Ä–∞–≥–∏ –Ω–µ –Ω—É–∂–Ω—ã."
–ì–æ—Å—Ç—å24,–î–µ–≥—Ä–∞–¥–∞—Ü–∏—è –∏–¥–µ—Ç —Å–≤–æ–∏–º —á–µ—Ä–µ–¥–æ–º. –í—Å–µ –ø–æ –≥—Ä–∞—Ñ–∏–∫—É. –í—Å–µ –ø–æ –ø–ª–∞–Ω—É. –ü—Ä–æ–¥–æ–ª–∂–∞–µ–º –Ω–∞–±–ª—é–¥–µ–Ω–∏–µ!
–ì–æ—Å—Ç—å25,"–ü–æ—Ö–æ–∂–µ –±–æ–ª—å—à–µ –Ω–∞ –≤–±—Ä–æ—Å. –ñ–¥—ë–º —á—Ç–æ —Å–∫–∞–∂–µ—Ç –≥–∏–±–¥–¥
–ò –≤–æ–±—â–µ —É –Ω–∞—Å —Ä–∞–∑–≤–µ –µ—Å—Ç—å –≥–∏–±–¥–¥ –Ω–∞ –§—Ä—É–Ω–∑–µ 74?"
266407704,"–ú–æ–∏ –ø–æ—Å—Ç—ã –∑–∞–±–∞–Ω–µ–Ω—ã,–∑–∞ —á—Ç–æ"
–ì–æ—Å—Ç—å26,–£ –Ω–∞—Å –∏–∑ —Å–≤–æ–µ–≥–æ —Ç–æ –ø—Ä–æ–∏–∑–≤–æ–¥—Å—Ç–≤–∞ —Ç–æ–ª—å–∫–æ –≤–µ–ª–∏–∫–∏. –í–µ–ª–æ–ø–æ–ª–∏—à–µ–Ω –±—É–¥–µ—Ç
–ë–∞—Ç—å–∫–∞,"–•–æ—Ä–æ—à–∞—è –º—ã—Å–ª—å, –ø–æ–¥–¥–µ—Ä–∂–∏–≤–∞—é.
–ü–æ–ª–∏—Ü–µ–π—Å–∫–æ–º—É –ò–Ω—Å–ø–µ–∫—Ç–æ—Ä—É –î–æ—Ä–æ–∂–Ω–æ-–û–±—Å—Ç–∞–Ω–æ–≤–æ—á–Ω–æ–≥–æ –†–µ–≥—É–ª–∏—Ä–æ–≤–∞–Ω–∏—è –≤—ã–¥–∞—Ç—å –≤–µ–ª–æ—Å–∏–ø–µ–¥ –∏ –ø–µ—Ä–µ–Ω–æ—Å–Ω—ã–µ –∫—É—Å—Ç—ã."
–í–∞—Å—å–∫–∞ –¥–µ –ì–∞–º–æ–≤,–ò–Ω–æ–º–∞—Ä–∫–∏ –ø—Ä–æ–¥–∞–¥—É—Ç. –õ–∞–≤—ç –ø–æ–ø–∏–ª—è—Ç. –ö –±–∞–±–∫–µ –Ω–µ —Ö–æ–¥–∏...
–Ω–∞—Ç–∞–ª–∏,"–ú–æ–∂–µ—Ç, –≥–ª–∞–≤–Ω–æ–º—É –ø–æ–ª–∏—Ü–µ–π—Å–∫–æ–º—É –ø—Ä–æ–π—Ç–∏ –ø—Å–∏—Ö–∏–∞—Ç—Ä–∏—á–µ—Å–∫–æ–≥–æ –º–µ–¥–∏—Ü–∏–Ω—Å–∫–æ–µ –æ—Å–≤–∏–¥–µ—Ç–µ–ª—å—Å—Ç–≤–æ,–±–æ–ª—å–Ω—ã–º –Ω–µ –º–µ—Å—Ç–æ –≤ –º–∏–ª–∏—Ü–∏–∏, –Ω–µ –ø–æ–Ω–∏–º–∞—é, –ø–æ—á–µ–º—É –ø–æ—Å–ª–µ –≤—Å–µ–≥–æ –Ω–µ –≤–µ—Ä–Ω—É–ª–∏ —Å–ª–æ–≤–æ –º–∏–ª–∏—Ü–∏—è, –ø–æ–ª–∏—Ü–∏—è - –¥–∞–ª–µ–∫–æ –æ—Ç –Ω–∞—Å, —ç—Ç–æ –ø–æ–∫–∞–∑–∞–ª–∏ –¥–µ–π—Å—Ç–≤–∏—è –Ω–∞ –£–∫—Ä–∞–∏–Ω–µ"
266791659,"–ü—Ä–æ—Å—Ç–∏—Ç–µ –∑–∞ –≥–ª—É–ø—ã–π –≤–æ–ø—Ä–æ—Å. –ê –∑–∞ –Ω–∞—Ä—É—à–∏—Ç–µ–ª—è–º–∏ –æ–Ω–∏ –±—É–¥—É—Ç –µ–∑–¥–∏—Ç—å –Ω–∞ –≤–µ–ª–æ—Å–∏–ø–µ–¥–µ (–∫–æ–Ω–µ—á–Ω–æ, –∏—Å–∫–ª—é—á–∏—Ç–µ–ª—å–Ω–æ —Ä–æ—Å—Å–∏–π—Å–∫–æ–π —Å–±–æ—Ä–∫–∏) –∫–∞–∫ –≤ —Ñ–∏–ª—å–º–µ ""–¢–∞–∫—Å–∏"" –∫–æ–º–∏—Å—Å–∞—Ä –ñ–µ–±–µ—Ä???"
#–°–í–û–ò–•–ù–ï–ë–†–û–°–ê–ï–ú#,"–¢–æ–ª—å–∫–æ VaZ, —Ç–æ–ª—å–∫–æ —Ö–∞—Ä–¥–∫–æ—Ä!"
–ü—Ä–æ—Ñ–∏,–¢–æ–≥–¥–∞ —É–∂–µ –∏ –≤—Å–µ—Ö –≥–æ—Å—Å–ª—É–∂–∞—â–∏—Ö –ø–µ—Ä–µ—Å–∞–¥–∏—Ç—å –Ω–∞ –†–æ—Å—Å–∏–π—Å–∫–∏–π –∞–≤—Ç–æ–ø—Ä–æ–º.
–ì–æ—Å—Ç—å27,"–í–µ—Å—Ç—ã —Ç–æ–≥–¥–∞ —Ç–æ–∂–µ –Ω–∞ –ø—Ä–∏–∫–æ–ª –Ω–∞–¥–æ –ø–æ—Å—Ç–∞–≤–∏—Ç—å, —Ç–∞–º –ø–æ—á—Ç–∏ –≤—Å–µ –†–µ–Ω–æ.
–ß–µ–≥–æ —Ç–æ–ª—å–∫–æ –Ω–µ –ø—Ä–∏–¥—É–º–∞—é—Ç, –ª–∏—à—å –±—ã –Ω–µ —Ä–∞–±–æ—Ç–∞—Ç—å."
casper87,–í—Å–µ—Ö –Ω–∞ –ª–∞–¥—É –∏ —É–∞–∑
–¢–∞—Ç—å—è–Ω–∞,–í –ú–æ—Å–∫–≤–µ –Ω–æ–≥—Ç–∏ —Å—Ç—Ä–∏–≥—É—Ç - –≤ –ï–∫–∞—Ç–µ—Ä–∏–Ω–±—É—Ä–≥–µ –ø–∞–ª—å—Ü—ã –æ—Ç—Ä—É–±–∞—é—Ç...üòú
–ë–ª–∞–≥–æ—Ä–æ–¥–Ω—ã–π –¥–∏–∫–∞—Ä—å,–í–µ—Å–Ω–∞ –Ω–µ –∫–æ–≥–æ –Ω–µ —â–∞–¥–∏—Ç –∏ –º–Ω–æ–≥–∏—Ö –Ω–µ –æ–±—Ö–æ–¥–∏—Ç —Å—Ç–æ—Ä–æ–Ω–æ–π!
–ñ—É–∫ –î–∂–µ–Ω—Ç–ª—å–º–µ–Ω,"–º–æ–∂–Ω–æ –∂–µ —Ä–∞—Å—Å–º–∞—Ç—Ä–∏–≤–∞—Ç—å –∏–Ω–æ—Å—Ç—Ä–∞–Ω–Ω—ã–µ –∞–≤—Ç–æ–º–æ–±–∏–ª–∏ –∫–∞–∫ ""—Ç—Ä–æ—Ñ–µ–π–Ω—ã–µ""."
28583788,–ú–µ—Ä–∏—è —Ç–æ–∂–µ –ø–µ—Ä–µ—Å—è–¥–µ—Ç –Ω–∞ –æ—Ç–µ—á–µ—Å—Ç–≤–µ–Ω–Ω—ã–π —Ç—Ä–∞–Ω—Å–ø–æ—Ä—Ç? –¢–æ–ª—å–∫–æ –Ω–∞—Ä–æ–¥ –±—É–¥–µ—Ç –µ–∑–¥–∏—Ç—å –Ω–∞ –∏–Ω–æ–º–∞—Ä–∫–∞—Ö?
–ì–æ—Å—Ç—å—è,"–ê —É –º–µ–Ω—è –Ω–µ—Ç –∞–≤—Ç–æ–º–æ–±–∏–ª—è. –£ –º–µ–Ω—è –¥–∞–∂–µ –ø—Ä–∞–≤ –≤–æ–¥–∏—Ç–µ–ª—å—Å–∫–∏—Ö –Ω–µ—Ç. –í–ø–µ—Ä–≤—ã–µ –≤ –∂–∏–∑–Ω–∏ —è —ç—Ç–æ–º—É —Ä–∞–¥–∞. 
–ê–≤—Ç–æ–±—É—Å—ã - –ë–æ–≥–¥–∞–Ω—ã —Ñ–æ—Ä–µ–≤–µ—Ä!!!!"
–ì–æ—Å—Ç—å28,"–ò–Ω–æ–º–∞—Ä–∫–∏ - —ç—Ç–æ 12 –ª–µ—Ç–Ω–∏–µ –∞—É–¥–∏ –∞4 b8 –¥–æ—Ä–µ—Å—Ç –∏ –æ–¥–Ω–∞ 10 –ª–µ—Ç–Ω—è—è –ê6 –°7??

;)"
–ì–æ—Å—Ç—å29,–ì–∞–∑ –∑–∞ –≤–∞—Å! –ê–≤—Ç–æ–≤–∞–∑ –∑–∞ –≤–∞—Å! –ê —á—Ç–æ –∑–∞ –≤–∞—Å –Ω–µ —Å–∫–∞–∑–∞–ª–∏....
–ê–±—Ä–∞–º –ò–≤–∞–Ω–æ–≤,"–ù–∞—á–∞–ª—å–Ω–∏–∫, –≤–∏–¥–∏–º–æ, –Ω–µ –≤ –∫—É—Ä—Å–µ, —á—Ç–æ –∑–∞–∫—É–ø–∞–ª–∏—Å—å —ç—Ç–∏ –∞–≤—Ç–æ, –∫–∞–∫ –ø—Ä–æ–∏–∑–≤–µ–¥–µ–Ω–Ω—ã–µ –≤ –†–æ—Å—Å–∏–∏. –î–µ–ª–∞—Ç—å –∞–∫—Ü–µ–Ω—Ç –Ω–∞ –∏–Ω–æ—Å—Ç—Ä–∞–Ω–Ω–æ–º –ø—Ä–æ–∏—Å—Ö–æ–∂–¥–µ–Ω–∏–∏ –±—Ä–µ–Ω–¥–∞ –Ω–µ–∫–æ—Ä—Ä–µ–∫—Ç–Ω–æ, –ø–æ—Å–∫–æ–ª—å–∫—É –∫–æ–º–ø–ª–µ–∫—Ç—É—é—â–∏–µ –õ–∞–¥—ã —Ç–æ–∂–µ –∏–º–ø–æ—Ä—Ç–Ω—ã–µ, –≤ –æ—Å–Ω–æ–≤–Ω–æ–º."
–õ—ë—Ö–∞,"–ü—Ä–æ –ª–æ—à–∞–¥–µ–π –æ—Ä–∞–ª–∏, –Ω–µ?"
–ò–≥–æ—Ä—å,"–ë–ª–∏–Ω, –∫–∞–∫–æ–µ –º—É–¥—Ä–æ–µ —Ä–µ—à–µ–Ω–∏–µ."
–ì–æ—Å—Ç—å30,–¢–ï–ü–ï–†–¨ –ß–ò–ù–£–®–ò –í–ü–ï–†–ï–î –ù–ê –û–¢–ï–ß–ï–°–¢–í–ï–ù–ù–´–ô –ê–í–¢–û–ü–†–û–ú ! –©–ê –í–û–õ–ì–ò –ü–û–î–û–†–û–ñ–ê–Æ–¢ !
–ì–æ—Å—Ç—å31,–î–ê –õ–ê–î–ù–û –ù–ê –õ–ò–°–ê–ü–ï–î–ê–• –¢–ï–ü–ï–†–¨ –ü–û–ï–î–£–¢–¨
–≥–æ—Å—Ç—ä,"–∏–Ω–æ–º–∞—Ä–∫–∏ –∑–∞–ø—Ä–µ—Ç—è—Ç –∞ –Ω–∞ –ª–∞–¥—ã –Ω–µ—Ç —ç–ª–µ–∫—Ç—Ä–æ–Ω–Ω—ã—Ö –∫–æ–º–ø–æ–Ω–µ–Ω—Ç–æ–≤, –∏ —á—Ç–æ –∏–∑ —ç—Ç–æ–≥–æ –≤—ã–π–¥–µ—Ç ?"
–ø–£—Å—Ç—å,"–∫–∏—Ç–∞–π—Å–∫–∏–µ –≤–µ–ª–∏–∫–∏""–†–∏–∫—à–∞ "" –∑–∞ —Å–≤–æ–∏ –±–∞–±–æ—Å—ã –ø–æ–∫—É–ø–∞—é—Ç..."
Opanez,"–î–ª—è –ø–æ–ª–Ω–æ—Ç—ã –æ—Å—Ç–∞–ª–æ—Å—å —Ç–æ–ª—å–∫–æ –∑–∞–ø—Ä–µ—Ç–∏—Ç—å –∏—Å–ø–æ–ª—å–∑–æ–≤–∞–Ω–∏–µ –∏–º–ø–æ—Ä—Ç–Ω—ã—Ö –≤–∏–¥–µ–æ–∫–∞–º–µ—Ä —Ñ–∏–∫—Å–∞—Ü–∏–∏ –Ω–∞—Ä—É—à–µ–Ω–∏–π –ü–î–î –∏ –≤—Å–ø–æ–º–Ω–∏—Ç—å —Å—Ç–∞—Ä—ã–π –¥–æ–±—Ä—ã–π ""–°–º–µ–Ω–∞ 8–ú""."
–ö–æ–Ω—Å—Ç–∞–Ω—Ç–∏–Ω,–ß–∏–Ω–æ–≤–Ω–∏–∫–∏ –Ω–µ–∫–æ–≥–¥–∞ –Ω–µ –ø–µ—Ä–µ—Å—è–¥—É—Ç –Ω–∞ –≤–∞–∑ –∏ —É–∞–∑. –ò–Ω–æ–º–∞—Ä–∫–∏ –ª–∏—á–Ω—ã–µ –æ—Å—Ç–∞–Ω—É—Ç—Å—è.
–∂–æ—Ä–∂,"–ø—Ä–æ–¥–∞—é —Å—Ç–∞—Ä—É—é –∂–∏–≥—É, –¥–ª—è –ø–æ–ª–∏—Ü–∏–∏ —Å–∫–∏–¥–∫–∞"
"Grosseto, Italy","–ù—É–∂–Ω–æ —Å–ø–ª–æ—Ç–∏—Ç—å—Å—è—Å—è –≤–æ–∑–ª–µ –ª–∏–¥–µ—Ä–∞ ,—É –Ω–µ–≥–æ –Ω–∞ –¥–Ω—è—Ö —è—Ö—Ç–æ—á–∫—É —Ç–∏—Å–Ω—É–ª–∏,—à–µ—Ö–µ—Ä–µ–∑–∞–¥–æ—á–∫—É"
–ù—é—à–∞,"–ü–æ–ª–∏—Ü–∏—è –ø–µ—à–∫–æ–º –∏–ª–∏ –Ω–∞ –æ–±—â–µ—Å—Ç–≤–µ–Ω–Ω–æ–º —Ç—Ä–∞–Ω—Å–ø–æ—Ä—Ç–µ –±—É–¥–µ—Ç –ø–æ –≤—ã–∑–æ–≤–∞–º —Ö–æ–¥–∏—Ç—å,–∞ –∏–Ω–º–∞—à–∏–Ω—ã —É–π–¥—É—Ç –ø–æ —Ä—É–∫–∞–º —Ä—É–∫–æ–≤–æ–¥–∏—Ç–µ–ª–µ–π –∏ –∏—Ö —Ä–æ–¥—Å—Ç–≤–µ–Ω–Ω–∏–∫–æ–≤,–ø–æ—Ç–æ–º –±—É–¥—É—Ç –≥–æ–≤–æ—Ä–∏—Ç—å ,,–Ω–µ—Ç —Ç—Ä–∞–Ω—Å–ø–æ—Ä—Ç–∞."
–ü–æ–∑–∏—Ç–∏–≤–Ω—ã–π –≥–æ—Ä–æ–∂–∞–Ω–∏–Ω,"–í –æ—Å–Ω–æ–≤–Ω–æ–º –Ω–∞ –∏–Ω–æ–º–∞—Ä–∫–∞—Ö –µ–∑–¥–∏–ª–∞ —Å–ø–µ—Ü—Ä–æ—Ç–∞. –¢–µ–ø–µ—Ä—å —Å–ø–µ—Ü—Ä–æ—Ç–∞ –ø–µ—Ä–µ—Å—è–¥–µ—Ç –Ω–∞ –≤–µ—Å—Ç—É. –ü–æ–∑–∏—Ç–∏–≤! 

–ò —Ç–µ–ø–µ—Ä—å –º–∞—à–∏–Ω—ã —Å–æ–ø—Ä–æ–≤–æ–∂–¥–µ–Ω–∏—è –¥–≤—É—Ö –º–µ—Ä—Å–µ–¥–µ—Å–æ–≤, s –∏ v –∫–ª–∞—Å—Å–∞ –±—É–¥—É—Ç –ø–µ—Ä–µ–¥–≤–∏–≥–∞—Ç—å—Å—è –≤ –∫–æ–º–ø–∞–Ω–∏–∏ –≤–µ—Å—Ç—ã :)

–ò –¥–∞! –ù–∞–¥–æ –≤–µ—Å—å –ø—Ä–∞–≤–∏—Ç–µ–ª—å—Å—Ç–≤–µ–Ω–Ω—ã–π –∞–≤—Ç–æ–ø–∞—Ä–∫ –Ω–∞ –≤–µ—Å—Ç—É –ø–æ–º–µ–Ω—è—Ç—å. 

–ò–ª–∏ —Å–µ–π—á–∞—Å –∞—É—Ä—É—Å—ã –Ω–∞ —É–ª–∏—Ü–∞—Ö –º–∞—Å—Å–æ–≤–æ –ø–æ—è–≤—è—Ç—Å—èü§î

–•–æ—Ç—è –ø–æ–¥–æ–∂–¥–∏—Ç–µ, —Ç–∞–º –∂–µ –≤—Å–µ –∏–º–ø–æ—Ä—Ç–Ω–æ–µüòÖ"
–ì–æ—Å—Ç—å32,"–ò–Ω–æ–º–∞—Ä–∫–∏ —Ä–∞—Å–ø—Ä–æ–¥–∞—Ç—å. 
–í—Å–µ–º –≥—Ä–∞–Ω—Ç—ã –∏ —É–∞–∑—ã —Ä–∞–∑–¥–∞—Ç—å (–∏ –ø–æ –¥–≤–æ–π–Ω–æ–º—É –±–æ–µ–∫–æ–º–ø–ª–µ–∫—Ç—É).
 P.s.
–ù–µ –ø—Ä–µ–¥—Å—Ç–∞–≤–ª—è—é —Å–∏—Ç—É–∞—Ü–∏—é, –ø—Ä–∏ –∫–æ—Ç–æ—Ä–æ–π –ø–∞—Ç—Ä—É–ª—å–Ω–æ–º—É —ç–∫–∏–ø–∞–∂—É –î–ü–° - –ë–ú–í –Ω—É–∂–Ω–µ–µ, —á–µ–º –æ–≥–Ω–µ—Å—Ç—Ä–µ–ª—å–Ω–æ–µ –æ—Ä—É–∂–∏–µ. –°–∏–¥–µ—Ç—å –Ω–∞ –æ–±–æ—á–∏–Ω–µ –º–æ–∂–Ω–æ –∏ –≤ –≥—Ä–∞–Ω—Ç–µ, –∞ –≤–º–µ—Å—Ç–æ ""–ø—Ä–µ—Å–ª–µ–¥–æ–≤–∞–Ω–∏—è"" - —É—á–∏—Ç–µ—Å—å –º–µ—Ç–∫–æ —Å—Ç—Ä–µ–ª—è—Ç—å..."
–í–ª–∞–¥–∏–º–∏—Ä,"–ê. –≠—Ç–æ —á–∏—Å—Ç–æ –≤—Ä–µ–¥–∏—Ç–µ–ª—å—Å—Ç–≤–æ.
–ë. –ü–æ–¥ —à—É–º–æ–∫ –ø—Ä–∏—Ö–≤–∞—Ç–∏–∑–∏—Ä–æ–≤–∞—Ç—å.
–í. –ö–≤–∞—Å–Ω–æ–π –ø–∞—Ç—Ä–∏–æ—Ç–∏–∑–º.
–ì. –ß–∏—Å—Ç–æ —Ñ—ç–π–∫."
–ì–æ—Å—Ç—å33,"–ï—Ö–∞—Ç—å –Ω–µ–∫—É–¥–∞, –≤—Å–µ –ø—Ä–∏–µ—Ö–∞–ª–∏"
–ì–æ—Å—Ç—å34,–û–π! –ê –º–æ–∂–µ—Ç –µ—â–µ –≤ –∞–¥–º–∏–Ω–∏—Å—Ç—Ä–∞—Ü–∏–∏ –≥–æ—Ä–æ–¥–∞ —Ç–æ–π–æ—Ç—ã –ö–∞–º—Ä–∏ —Ç–æ–∂–µ –ø–æ—Å—Ç–∞–≤–∏—Ç—å –Ω–∞ —Å—Ç–æ—è–Ω–∫—É... –∏ —á–∏–Ω–æ–≤–Ω–∏–∫–∞–º –µ–∑–¥–∏—Ç—å –Ω–∞ –æ–±—â–µ—Å—Ç–≤–µ–Ω–Ω–æ —Ç—Ä–∞–Ω—Å–ø–æ—Ä—Ç–µ... –ë—ã–ª–æ –±—ã —Å—É–ø–µ—Ä!üëç
–°–µ—Ä–∂,–ê–∫—Ä—É—Å –Ω–∞–ø—Ä–∏–º–µ—Ä...
–ì–æ—Å—Ç—å35,"–ü—Ä–æ–¥–∞–º –∂–µ–ª—Ç—ã–π –∫–æ–ø–µ–Ω–¥–æ—Å, –≤ —Ä–æ–¥–Ω–æ–º –æ–±–≤–µ—Å–µ –Ω–µ –±–∏—Ç –Ω–µ –∫—Ä–∞—à–µ–Ω, –Ω–∞–¥–ø–∏—Å—å –ì–ê–ò —Ç—Ä–µ–±—É–µ—Ç —Ä–µ—Å—Ç–∞–≤—Ä–∞—Ü–∏–∏... –ø–æ —Å–µ–±–µ—Å—Ç–æ–∏–º–æ—Å—Ç–∏"
–ì–æ—Å—Ç—å36,"–∫—É–ø–ª—é –±—ç—Ö—É —Å –Ω–æ–º–µ—Ä–∞–º–∏ –ê3000, –¥–æ—Ä–æ–≥–æ )))"
–ì–æ—Å—Ç—å37,–í –∑–∞–≥–æ–ª–æ–≤–∫–µ –≤–æ–æ–±—â–µ —Ç–æ –Ω–∞–ø–∏—Å–∞–Ω–∞ –Ω–µ–ø—Ä–∞–≤–¥–∞
–ü–∞—Ç—Ä–µ—Ç,–ñ–¥—É —Å –Ω–µ—Ç–µ—Ä–ø–µ–Ω–∏–µ–º –∞–Ω–∞–ª–æ–≥–∏—á–Ω—ã–π —É–∫–∞–∑ –≥—É–±–µ—Ä–∞ –∏ –º—ç—Ä–∞ –ï–∫–± !!!!
–ó—É–ª—É—Å,–ê –º–µ—Å—Ç–Ω–∞—è –∞–¥–º–∏–Ω–∏—Å—Ç—Ä–∞—Ü–∏—è —Ç–æ–∂–µ –Ω–∞ –æ—Ç–µ—á–µ—Å—Ç–≤–µ–Ω–Ω–æ–µ –∞–≤—Ç–æ –ø–µ—Ä–µ—Å—è–¥–µ—Ç?!
–≤–µ—Ç–µ—Ä–∞–Ω —Ç—Ä—É–¥–∞,–æ–Ω–µ –Ω–∞ –¥—Ä—É–≥–∏—Ö –Ω–µ —É–º–µ—é—Ç. –æ—Å–∫–æ—Ä–±—è—Ç—å—Å—è
–ì–æ—Å—Ç—å38,"–ü—Ä–æ–¥–∞–º –æ—Ç—Ä–∞–±–æ—Ç–∫—É –º–∞—Å–ª–∞ –ú–æ–±–∏–ª 1, 5W40. –ü—Ä–æ–±–µ–≥ –≤—Å–µ–≥–æ 12 —Ç—ã—Å—è—á –∫–º, —è –≤—Ç–æ—Ä–æ–π –≤–ª–∞–¥–µ–ª–µ—Ü. –ü–µ—Ä–≤—ã–π - –º–æ–π —Ö–æ—Ä–æ—à–∏–π –∑–Ω–∞–∫–æ–º—ã–π, —Ç–∞–∫ —á—Ç–æ –∏—Å—Ç–æ—Ä–∏—è –ø–æ–ª–Ω–æ—Å—Ç—å—é –ø—Ä–æ–∑—Ä–∞—á–Ω–∞. –•–æ—á—É –ø–µ—Ä–µ–¥–∞—Ç—å –º–∞—Å–ª–æ –≤ —Ö–æ—Ä–æ—à–∏–µ —Ä—É–∫–∏, –µ—Å–ª–∏ –≤—ã –æ–±—ã—á–Ω—ã–π –¥–æ–ª–∏–≤–∞–ª—å—â–∏–∫ - –Ω–∞–º –Ω–µ –ø–æ –ø—É—Ç–∏!
–°–ª–∏–≤–∞—Ç—å –±—É–¥—É 27 —á–∏—Å–ª–∞, –≤–æ–∑–º–æ–∂–µ–Ω —Ç–µ—Å—Ç-–¥—Ä–∞–π–≤ –ø–æ –ø—Ä–µ–¥–≤–∞—Ä–∏—Ç–µ–ª—å–Ω–æ–π –¥–æ–≥–æ–≤–æ—Ä–µ–Ω–Ω–æ—Å—Ç–∏ - –º–æ–∂–Ω–æ –ø–æ—Å–ª—É—à–∞—Ç—å, –ø–æ–Ω—é—Ö–∞—Ç—å –∏ –ø–æ–ø—Ä–æ–±–æ–≤–∞—Ç—å, —á—Ç–æ–±—ã —É–±–µ–¥–∏—Ç—å—Å—è - –ø–µ—Ä–µ–¥ –í–∞–º–∏ –Ω–∞—Å—Ç–æ—è—â–∏–π –ú–æ–±–∏–ª 1!!!"
–†–∞–±—ã,"–ü—Ä–∞–≤–∏–ª—å–Ω–æ, –≤—Å–µ –¥–ª—è –†–æ–¥–∏–Ω—ã, –¥–ª—è –ø–∞—Ä—Ç–∏–∏ (–≤ —Å–º—ã—Å–ª–µ –¥–ª—è –Ω–∞—á–∞–ª—å—Å—Ç–≤–∞) –æ—Ç–¥–∞–π.... –ü—Ä–æ—á–∏–µ –∏ –Ω–∞ —Ç–∞–∑–∞—Ö —Å –∫–æ–ª—ã–º–∞–≥–∞–º–∏ –ø–æ–µ–∑–¥—é—Ç"
–ê–ª–µ–∫—Å..,–ß—Ç–æ —Ä–∂–Å—Ç–µ ? –ß–µ—Ä–µ–∑ –ø–æ–ª–≥–æ–¥–∞ –∏ –í–ê–° –∫–æ—Å–Ω–µ—Ç—Å—è? –≤–æ—Ç —Ç–æ–≥–¥–∞ –ó–ê–ü–õ–ê–ß–ï–¢–ï.....
–û–∫—Å–∞–Ω–∞,–ú–∞—Ä–∞–∑–º –∫—Ä–µ–ø—á–∞–µ—Ç.....
